{
  "name": "La campanella - Liszt",
  "noteList": [
    {
      "key": 107,
      "time": 7.880000114440918
    },
    {
      "key": 107,
      "time": 8.079999923706055
    },
    {
      "key": 107,
      "time": 8.4399995803833
    },
    {
      "key": 107,
      "time": 9.5600004196167
    },
    {
      "key": 107,
      "time": 9.84000015258789
    },
    {
      "key": 107,
      "time": 10.15999984741211
    },
    {
      "key": 107,
      "time": 10.800000190734864
    },
    {
      "key": 107,
      "time": 11.079999923706055
    },
    {
      "key": 107,
      "time": 11.720000267028809
    },
    {
      "key": 107,
      "time": 12.079999923706055
    },
    {
      "key": 107,
      "time": 14.199999809265137
    },
    {
      "key": 107,
      "time": 14.479999542236329
    },
    {
      "key": 106,
      "time": 14.720000267028809
    },
    {
      "key": 32,
      "time": 14.960000038146973
    },
    {
      "key": 32,
      "time": 15.199999809265137
    },
    {
      "key": 102,
      "time": 15.520000457763672
    },
    {
      "key": 100,
      "time": 15.800000190734864
    },
    {
      "key": 102,
      "time": 16.1200008392334
    },
    {
      "key": 32,
      "time": 16.360000610351564
    },
    {
      "key": 106,
      "time": 16.639999389648439
    },
    {
      "key": 32,
      "time": 16.8799991607666
    },
    {
      "key": 32,
      "time": 17.200000762939454
    },
    {
      "key": 106,
      "time": 17.440000534057618
    },
    {
      "key": 32,
      "time": 17.760000228881837
    },
    {
      "key": 102,
      "time": 18.079999923706056
    },
    {
      "key": 102,
      "time": 18.399999618530275
    },
    {
      "key": 100,
      "time": 18.639999389648439
    },
    {
      "key": 100,
      "time": 18.920000076293947
    },
    {
      "key": 115,
      "time": 19.200000762939454
    },
    {
      "key": 100,
      "time": 19.479999542236329
    },
    {
      "key": 102,
      "time": 19.760000228881837
    },
    {
      "key": 32,
      "time": 20.040000915527345
    },
    {
      "key": 102,
      "time": 20.360000610351564
    },
    {
      "key": 102,
      "time": 20.639999389648439
    },
    {
      "key": 107,
      "time": 20.8799991607666
    },
    {
      "key": 107,
      "time": 21.15999984741211
    },
    {
      "key": 106,
      "time": 21.479999542236329
    },
    {
      "key": 32,
      "time": 21.760000228881837
    },
    {
      "key": 32,
      "time": 22.079999923706056
    },
    {
      "key": 102,
      "time": 22.31999969482422
    },
    {
      "key": 100,
      "time": 22.600000381469728
    },
    {
      "key": 102,
      "time": 22.84000015258789
    },
    {
      "key": 100,
      "time": 23.1200008392334
    },
    {
      "key": 100,
      "time": 23.479999542236329
    },
    {
      "key": 106,
      "time": 23.600000381469728
    },
    {
      "key": 32,
      "time": 23.760000228881837
    },
    {
      "key": 32,
      "time": 24.040000915527345
    },
    {
      "key": 106,
      "time": 24.280000686645509
    },
    {
      "key": 32,
      "time": 24.520000457763673
    },
    {
      "key": 102,
      "time": 24.799999237060548
    },
    {
      "key": 100,
      "time": 25.079999923706056
    },
    {
      "key": 102,
      "time": 25.360000610351564
    },
    {
      "key": 32,
      "time": 25.479999542236329
    },
    {
      "key": 106,
      "time": 25.559999465942384
    },
    {
      "key": 102,
      "time": 25.920000076293947
    },
    {
      "key": 106,
      "time": 26.239999771118165
    },
    {
      "key": 107,
      "time": 26.360000610351564
    },
    {
      "key": 108,
      "time": 26.479999542236329
    },
    {
      "key": 106,
      "time": 26.799999237060548
    }
  ]
}